id,cpf,type,key,created_at
01d6f638-4953-45a3-9b83-91eab4d24c70,77551164685,EMAIL,jeannel_aubry86@gmail.com,2026-07-24T16:09:48.317Z
03cdfe9d-3e6b-40e3-a3f9-b4b07a8b8dca,65451936372,EMAIL,aline6@bol.com.br,2026-07-24T16:09:49.757Z
03d41dee-0d08-4d65-94e4-b9dc28ea5efa,24930613945,CPF,24930613945,2026-07-24T16:09:49.881Z
03d6539e-0096-48b7-960e-0a1e66e1512f,71078566429,EMAIL,alban.royer30@gmail.com,2026-07-24T16:09:48.861Z
0488fe4d-5ee5-4a94-9d04-5b0355aadbcb,53281863159,CPF,53281863159,2026-07-24T16:09:47.166Z
050f8eaa-7ebd-458f-8c36-720eecbb4d68,72856446096,EMAIL,kraig.erdman@yahoo.com,2026-07-24T16:09:49.922Z
07891238-f135-4f3e-9a55-4ba6111d6000,89331225245,EMAIL,aoiyamamoto@fintech.com,2026-08-01T05:38:42.836Z
0826a995-edc0-4c2c-b6cf-c4c4dcbb32b8,01086796160,CPF,01086796160,2026-08-17T00:11:45.752Z
08704884-a234-4d32-b7e6-b87ee93dcd69,84823321987,CPF,84823321987,2026-07-24T16:09:47.754Z
087cb7e7-a177-477c-8973-9f781dd186d8,92957697327,EMAIL,kenjisato@fintech.com,2026-08-17T00:10:17.861Z
089c48dd-98be-41f4-a9a3-f81a474959b4,81722521295,CPF,81722521295,2026-07-24T16:09:50.970Z
08c128de-758e-4734-9112-0e9c7fd07d83,73012176728,CPF,73012176728,2026-07-24T16:09:49.964Z
09568ec1-92ab-4d33-9321-c6b2e1a020c3,36072364535,EMAIL,alessandroferrari@fintech.com,2026-08-04T18:15:20.320Z
09ee4721-0f03-40f6-a421-05553409627b,15351515369,EMAIL,fatimaal-harbi@fintech.com,2026-07-31T04:28:14.976Z
0a6817cc-9e4a-4fdf-b8e8-405052076fa0,26700822386,EMAIL,jeandupont@fintech.com,2026-08-06T01:49:53.415Z
0b4f6818-b000-4a7e-9803-62616fb62808,26700822386,CPF,26700822386,2026-08-06T01:49:53.415Z
0bacc6bc-e805-4369-bf4c-accbe7f635ac,88888888888,CPF,88888888888,2026-07-24T16:09:50.537Z
0cd9b024-9e71-4036-910c-6ec551147093,76782744325,CPF,76782744325,2026-08-01T05:39:20.156Z
0cfdf037-cb41-43cf-89f9-a9c90738a55f,95654548522,EMAIL,assomption.sanchez@hotmail.fr,2026-07-24T16:09:50.909Z
0d124ef4-a1b5-467b-8eca-a3bc8c4c1cfd,46945365409,EMAIL,valentinarodriguez@fintech.com,2026-07-30T02:48:47.361Z
0d6e4ff6-175a-4dd2-941a-0fc0f49f9d13,12923841310,CPF,12923841310,2026-08-17T01:42:19.169Z
0db79926-e342-4b02-a775-122d84327474,48431018434,CPF,48431018434,2026-07-24T16:09:47.073Z
0df68f96-b359-4e3d-99d4-487df6883a53,45116448614,CPF,45116448614,2026-07-24T16:09:47.445Z
0e8e06d7-9c07-4bbd-bd32-f91b3759a81d,48431018434,EMAIL,margie83@yahoo.com,2026-07-24T16:09:47.073Z
0f2a2060-e08d-4f6e-a58e-3c84b56e5632,85246671844,CPF,85246671844,2026-07-24T16:09:51.000Z
1112516a-0664-4218-9050-d0c5871e80d3,25713468361,CPF,25713468361,2026-07-24T16:09:50.088Z
11c08e13-079c-47f4-a643-13bdd7a6d50e,76925831102,EMAIL,clarisse_dufour84@gmail.com,2026-07-24T16:09:50.878Z
1291212a-d21e-4b62-9413-bfc6576c86bd,93852856961,EMAIL,marialuiza_reis@hotmail.com,2026-07-24T16:09:47.248Z
13843df9-ca0d-49e1-a23c-65fc3e5a7fca,61369613180,EMAIL,paulette.jean58@hotmail.fr,2026-07-24T16:09:48.268Z
143eed23-06c3-4a54-a3d7-ead767d45e4d,16266323249,EMAIL,flore_schmitt23@hotmail.fr,2026-07-24T16:09:47.628Z
148c3a5c-8642-45ef-aa39-05770a322d22,09056318624,EMAIL,emilyrosejohnson@fintech.com,2026-08-17T00:11:38.287Z
14d35fc8-75e2-4e78-9bbf-38478793debb,20092389589,EMAIL,joonjeong@fintech.com,2026-08-12T23:40:40.430Z
16e5e083-1018-4efa-9033-1c58d25f6685,41649264658,EMAIL,renito@fintech.com,2026-07-31T04:27:50.219Z
17615776-ccf1-4b3c-8ed9-c793b10a3034,77777777777,EMAIL,test7@fintech.com,2026-07-24T16:09:51.150Z
17da2581-e1bd-48da-959d-e3f9d525c014,95167270006,CPF,95167270006,2026-08-01T05:39:32.858Z
18205d53-9028-46a9-8f3e-a6d501956e69,42975897884,EMAIL,marcelo_santos52@live.com,2026-07-24T16:09:49.671Z
186f2836-2da9-463e-9132-2a98a9e988bb,18642038977,EMAIL,joaquingonzalez@fintech.com,2026-08-17T00:32:41.281Z
1c294b10-e8bd-4948-9954-70d448754dfb,12558823280,CPF,12558823280,2026-08-03T23:33:29.762Z
1c66d668-84b9-4fdb-810c-608c4d315487,33333333333,EMAIL,daniel@example.com,2026-07-24T16:09:50.691Z
1ca08f25-e3de-464b-8b2f-0c85a0a8ed22,77751515015,CPF,77751515015,2026-08-09T01:55:15.401Z
1dd26839-8e16-4b1b-9bd9-ad5079e167a6,81698023189,CPF,81698023189,2026-07-24T16:09:46.866Z
1e583a9a-2ce8-4349-8172-8eb90c3c0ed5,12558823280,EMAIL,tariqal-mansoor@fintech.com,2026-08-03T23:33:29.762Z
1ef859a8-e35a-4541-ba89-8fb01e31ed38,57855482407,EMAIL,alexanderjamessmith@fintech.com,2026-08-14T23:43:29.306Z
1f960bd8-497d-48fd-9b6c-aef6c7237136,25713468361,EMAIL,harmon37@hotmail.com,2026-07-24T16:09:50.088Z
1fef257f-dde1-494b-b887-45f19fb1080d,92454501635,CPF,92454501635,2026-07-24T16:09:51.178Z
215d12fe-7ab1-4628-8e24-d760bff9b37b,42975897884,CPF,42975897884,2026-07-24T16:09:49.671Z
22a7f2e8-c11a-4229-b720-f0945981cd2e,67154864257,EMAIL,prosper.julien15@gmail.com,2026-07-24T16:09:50.813Z
23e0f8fd-a2c8-4f4e-b2d1-35393d010283,71078566429,CPF,71078566429,2026-07-24T16:09:48.861Z
253095f3-7532-4426-8847-08c5be70fa0d,44794065574,EMAIL,achaire_schmitt@hotmail.fr,2026-07-24T16:09:47.578Z
272562c5-7adb-4d83-a1ff-000d5442c9d7,61369613180,CPF,61369613180,2026-07-24T16:09:48.268Z
28784f02-eeb8-4907-a534-6c73c6004550,16165143539,EMAIL,moisette.maillard34@yahoo.fr,2026-07-24T16:09:50.168Z
29feae7d-d7a8-4ede-94f2-f460f9482e52,12424713839,CPF,12424713839,2026-07-24T16:09:48.540Z
2c36fb73-55f8-4164-8b2e-932d7c2dedb2,65184684166,CPF,65184684166,2026-07-24T16:09:49.628Z
2c387220-74fc-4c32-8b00-f23d6f341f2a,17334727380,CPF,17334727380,2026-07-24T16:09:47.331Z
2dc6c738-7caa-4889-8c19-3a605ed72e9f,23626419533,CPF,23626419533,2026-07-30T02:48:35.703Z
2de5e1f7-91c9-48bb-a8e8-ff7fc015bd19,41689983639,CPF,41689983639,2026-07-24T16:09:46.983Z
2e93d360-5239-43e4-8397-63bd8d886e84,34310951783,CPF,34310951783,2026-07-27T06:39:18.477Z
30754eba-05ea-4100-947f-4e338ca660a4,95654548522,CPF,95654548522,2026-07-24T16:09:50.909Z
32277e05-630c-4852-a782-0bbdd0873e49,15803041416,EMAIL,sophieschmidt@fintech.com,2026-08-09T01:55:31.668Z
32978544-657c-471a-8c0f-4f0fa35b53d7,76726514039,CPF,76726514039,2026-07-24T16:09:50.042Z
3381bf31-1235-4bd6-bd03-5b122e5bea7c,34715548313,EMAIL,maurice.meyer6@hotmail.fr,2026-07-24T16:09:48.458Z
356033b4-d139-44b7-836b-19b2e4618a80,42681570697,EMAIL,felixweber@fintech.com,2026-07-27T06:39:40.867Z
3647d91e-d9d7-4c7e-a7cb-b93d0a579f5f,76925831102,CPF,76925831102,2026-07-24T16:09:50.878Z
371dc121-11f5-498c-b08a-81c01b25071a,88888888888,EMAIL,test8@fintech.com,2026-07-24T16:09:50.537Z
3835765e-7292-436d-947b-d1ab36ddc19b,16165143539,CPF,16165143539,2026-07-24T16:09:50.168Z
38ccec3e-76c9-460e-9c88-27062136f80b,73012176728,EMAIL,cayla_hermann@gmail.com,2026-07-24T16:09:49.964Z
38ddb337-00c8-421e-821b-3a29a24e5508,88877766655,EMAIL,massa.dbreal@fintech.com,2026-07-24T16:09:50.505Z
3b09f887-206d-407c-aec9-594998850623,17058588562,EMAIL,lukasschneider@fintech.com,2026-08-03T23:33:48.015Z
3b6196f0-ddc2-4abd-b5a3-52118386aefd,43838315910,EMAIL,christian.simon73@yahoo.fr,2026-07-24T16:09:48.092Z
3bbc5204-7c4f-4b0e-a592-9914b5e59646,27234768980,EMAIL,acanthe.vidal@gmail.com,2026-07-24T16:09:48.137Z
3bff9756-690d-4684-b5c5-82591f7e9025,58480256907,CPF,58480256907,2026-07-30T02:49:44.640Z
3c1a39c0-3a45-4605-bfda-08862a960f38,42111679011,CPF,42111679011,2026-07-24T16:09:50.569Z
3cdfed34-1f73-4cd3-8f40-287709dbf0e9,77017682203,CPF,77017682203,2026-07-24T16:09:48.358Z
3d6947a2-277e-461a-b82e-0b17f5a1a2f3,66414169091,EMAIL,beverly56@yahoo.com,2026-07-24T16:09:49.840Z
3d8297c0-bf56-4db1-bbc1-cf7143853a90,84979979998,CPF,84979979998,2026-08-17T00:11:24.177Z
3d8e7be5-c8d9-4a77-ac2e-ac769af46f24,34272175349,CPF,34272175349,2026-07-24T16:09:48.586Z
3dc2c328-5399-4c66-b571-752779cccaa4,02915062919,EMAIL,martimcosta@fintech.com,2026-07-30T02:49:02.103Z
3ed685af-2fb2-46eb-ad05-056712c57528,42718533218,CPF,42718533218,2026-07-24T16:09:49.147Z
3fc73eef-f3f7-45f9-834c-3e12020a3e08,57673944623,EMAIL,mireille.toy65@yahoo.com,2026-07-24T16:09:49.799Z
4000f2c0-2dc2-4a48-8c95-c8498f8d407b,28818393472,CPF,28818393472,2026-07-24T16:09:50.940Z
466883aa-f5db-448a-9945-244fc5637d3d,84585226834,EMAIL,weili@fintech.com,2026-08-17T00:13:12.185Z
4670a08b-deca-48ea-ace1-50f813f959f2,09056318624,CPF,09056318624,2026-08-17T00:11:38.287Z
46f3126b-a510-45fc-860f-b02e76dd6f2b,92808200609,EMAIL,mingzhang@fintech.com,2026-08-17T00:09:41.064Z
46f63d72-74ce-46bd-9a67-8e929c0c0eb4,08025476561,EMAIL,seoyunlee@fintech.com,2026-08-15T00:45:46.454Z
47db334a-ef7c-4461-8e40-40886663f5ea,44444444444,EMAIL,fernanda@example.com,2026-07-24T16:09:50.239Z
482aa293-5504-4c00-a840-5c2188c11ee2,98215828507,EMAIL,nouraal-saud@fintech.com,2026-07-30T02:50:15.997Z
48410fe2-321c-4229-9e91-a812a5e0c3b6,37810513150,CPF,37810513150,2026-07-24T16:09:47.850Z
499cf640-fade-4dc2-bc40-7d8aeddbb62e,24719788947,CPF,24719788947,2026-07-24T16:09:51.089Z
4a034ec9-4693-4857-8223-763debf30276,77766655544,CPF,77766655544,2026-07-24T16:09:49.580Z
4a538def-8b88-406f-a960-b0acc8190c8d,45447544025,EMAIL,jianliu@fintech.com,2026-08-17T00:11:03.037Z
4a542c5e-bbc1-430a-86cc-a96dc2a063e8,12902848900,CPF,12902848900,2026-07-24T16:09:48.772Z
4bb1647e-5f6c-4232-a25a-04cdae0924fa,66655544433,EMAIL,cliente.amexvip@fintech.com,2026-07-24T16:09:50.401Z
4c2f08bf-9983-418e-bb4a-69653fef93a3,77148062578,CPF,77148062578,2026-08-01T05:38:53.791Z
4dd9f66e-3d08-47ed-8717-5e5075e57cd3,37810513150,EMAIL,florie_fontaine85@gmail.com,2026-07-24T16:09:47.850Z
4e68d1a2-ef71-4aaf-b82f-b400b3f05d9c,42111679011,EMAIL,camilabeatrizsantos@fintech.com,2026-07-24T16:09:50.569Z
4e7919b2-f010-4eca-9320-004602a2535b,77777777777,CPF,77777777777,2026-07-24T16:09:51.150Z
514c7f4e-3ff4-4dbf-a21c-8d00067dfd25,26986473966,EMAIL,jacinthe_vidal@hotmail.fr,2026-07-24T16:09:47.915Z
515bf31a-5667-492c-9003-d3ce2ff1d994,28832869497,EMAIL,philomene.fabre12@hotmail.fr,2026-07-24T16:09:50.370Z
51fd2b32-c9e3-4b84-b6ef-b5da4e19c5c5,89331225245,CPF,89331225245,2026-08-01T05:38:42.836Z
52d42d4c-8251-4657-88c0-dc4ed26a2782,38882777448,EMAIL,annonciade.poirier@hotmail.fr,2026-07-24T16:09:50.739Z
5634369b-2bd3-48fd-8e85-3ca087b9aa46,43838315910,CPF,43838315910,2026-07-24T16:09:48.092Z
5759278a-7dd2-4d9d-9e46-70b8ce7228f3,45447544025,CPF,45447544025,2026-08-17T00:11:03.037Z
575a16cd-e13c-4a20-ab0d-ab7ccaee2317,12902848900,EMAIL,marianacostasilva@fintech.com,2026-07-24T16:09:48.772Z
586a074e-1079-4195-aa10-4d3ecc755dd2,78475680046,EMAIL,rodrigomendesoliveira@fintech.com,2026-07-24T16:09:51.141Z
5883b6b3-e656-45ef-b69c-0d73c17db085,43204282856,CPF,43204282856,2026-07-24T16:09:50.628Z
58faef86-0e7e-4cb6-adbf-35ecd6914ab0,75775457404,EMAIL,isabelarochacarvalho@fintech.com,2026-07-24T16:09:50.444Z
594dc35c-caf3-4b02-a6ab-59dee783af44,38160081359,EMAIL,mateofernandez@fintech.com,2026-07-30T02:50:09.460Z
5a2b5fa6-fd7b-48b6-a80a-53e331d942ce,38160081359,CPF,38160081359,2026-07-30T02:50:09.460Z
5ab43bac-6cab-4a37-ac41-6a6bf97b829b,27646660477,EMAIL,brunehilde.gaillard98@hotmail.fr,2026-07-24T16:09:49.036Z
5b3f5780-0550-4291-b16a-7d4765d7f1b6,37107075012,CPF,37107075012,2026-08-03T23:33:05.088Z
5c4f2c02-4fe8-4f72-b979-11e23ffbb33d,57673944623,CPF,57673944623,2026-07-24T16:09:49.799Z
5c966208-0433-4e50-9b78-58a48f934379,98765432100,CPF,98765432100,2026-07-24T16:09:50.203Z
5cc71bc8-4168-465b-b022-e6fbf5fd4ada,64332859618,CPF,64332859618,2026-07-24T16:09:47.977Z
5d0c29f5-9906-403c-a4f9-35ddb52f7c5e,87588846615,CPF,87588846615,2026-07-24T16:09:50.845Z
5d38d22d-fbd1-43f0-a313-b6121804e364,29910306743,EMAIL,williamrobertmiller@fintech.com,2026-08-04T18:15:42.700Z
5d503dd7-23a1-4bb4-8a60-d8a81e17cfc7,82499572612,CPF,82499572612,2026-07-24T16:09:50.413Z
5e439368-2b51-4c35-90cb-7babfd64c732,57855482407,CPF,57855482407,2026-08-14T23:43:29.306Z
5f0323c7-233d-4fca-94e7-f787d942c2aa,19983621512,CPF,19983621512,2026-07-24T16:09:48.398Z
5f4dbff8-9024-4108-846f-ec50e94019ba,35417211460,CPF,35417211460,2026-08-17T00:09:17.263Z
60527714-b05a-4a96-ab52-27ca63394ccc,33522298364,EMAIL,caio_saraiva@gmail.com,2026-07-24T16:09:49.715Z
6186012f-290a-4e11-9cd1-aea15cceeb2d,65451936372,CPF,65451936372,2026-07-24T16:09:49.757Z
65019805-ad0b-463f-befe-c220d1ab81c1,90917191782,CPF,90917191782,2026-07-24T16:09:48.915Z
658e6b6b-8f0c-43cd-b631-b4becd4aa402,93852856961,CPF,93852856961,2026-07-24T16:09:47.248Z
675dcb87-b939-48ce-aaa9-6ecf4a75cae7,24662236606,CPF,24662236606,2026-07-24T16:09:47.528Z
67d16a2f-60c8-4252-b872-04451613c9f2,26775244657,EMAIL,isidore_morin85@yahoo.fr,2026-07-24T16:09:51.031Z
685c4587-697c-4c2c-be1d-bd8d789433f4,76671725950,EMAIL,raymonde.bernard@gmail.com,2026-07-24T16:09:47.700Z
6a0e095a-1b92-4df5-b7e5-3615e226a4a7,84585226834,CPF,84585226834,2026-08-17T00:13:12.185Z
6a19a266-54ca-432d-8786-fad5392e6123,17058588562,CPF,17058588562,2026-08-03T23:33:48.015Z
6beaa4f2-040a-414b-9c4d-578399953e39,77751515015,EMAIL,yanyang@fintech.com,2026-08-09T01:55:15.401Z
6c9e46db-0088-4025-bca1-1a10d818de7d,12345678909,EMAIL,test@example.com,2026-07-24T16:09:49.082Z
6d18aa55-a150-4c9f-8e1a-5b719c315466,27888186700,EMAIL,rene.gautier@gmail.com,2026-07-24T16:09:50.777Z
6d227e0f-1c84-479e-bd45-b6c13566f82c,19231521659,CPF,19231521659,2026-07-24T16:09:51.131Z
6daf1e05-fca6-4df2-83a6-d7b3d32b33ff,68737946439,EMAIL,khalidal-zahrani@fintech.com,2026-07-31T04:28:08.832Z
6f207432-01fe-43d7-9c3d-fe6afaca7bda,19231521659,EMAIL,gabrielviniciussouza@fintech.com,2026-07-24T16:09:51.131Z
6fb5d47f-d523-4474-8084-2f55edc0f34c,42718533218,EMAIL,angilran.morin@hotmail.fr,2026-07-24T16:09:49.147Z
6fd67882-480a-4690-addb-8f6905848527,18642038977,CPF,18642038977,2026-08-17T00:32:41.281Z
74510201-bf2e-407f-91b8-725df8e6208a,65184684166,EMAIL,anceline_gauthier7@hotmail.fr,2026-07-24T16:09:49.628Z
74a7b0a0-12a3-4d94-b3a2-8e3ee946c24e,76726514039,EMAIL,michelle_schmeler@yahoo.com,2026-07-24T16:09:50.042Z
757b981b-0366-4c1a-96de-67bc3ed98f66,12345678901,EMAIL,test@test.com,2026-07-24T16:09:47.901Z
757eeaf5-d9d5-40ae-ac97-deff0d4f4ba5,26986473966,CPF,26986473966,2026-07-24T16:09:47.915Z
78a3f0fb-d0c5-4683-9776-bd39c56d003a,77355277308,CPF,77355277308,2026-07-24T16:09:48.190Z
78c5829b-1782-4cab-a36a-d2e3a3dccea3,17693911189,EMAIL,blandine_fabre@yahoo.fr,2026-07-24T16:09:49.227Z
79bbbdfd-3df6-4e7d-ac5f-fcb09ff41499,89287038082,CPF,89287038082,2026-08-15T00:45:17.372Z
7a258934-9918-4a38-896e-1776ac26421a,02915062919,CPF,02915062919,2026-07-30T02:49:02.103Z
7c3c2712-e4de-4f2e-be2b-1b9d143b4cdc,73129536620,EMAIL,julianalimarezende@fintech.com,2026-07-24T16:09:50.661Z
7d3323d8-807b-4bf7-9b88-d99113b3c67e,81722521295,EMAIL,hector_paris22@yahoo.fr,2026-07-24T16:09:50.970Z
816d0ffe-1bab-4125-bed3-a6aed4f4909e,80417045181,EMAIL,yago.silva38@gmail.com,2026-07-24T16:09:50.339Z
82afb337-422a-4e15-8739-3f48189df283,78475680046,CPF,78475680046,2026-07-24T16:09:51.141Z
83613a19-fbdb-4d6a-88c2-b20426c6364e,96873928860,CPF,96873928860,2026-08-04T22:39:36.074Z
8476d589-dd29-4dde-b70b-fbe8615fd9a0,72856446096,CPF,72856446096,2026-07-24T16:09:49.922Z
85b66270-d8b1-4937-b255-253ae07e56dc,97504636177,EMAIL,charline_rodriguez@gmail.com,2026-07-24T16:09:50.273Z
87258703-4a46-4708-b64b-5699756fb510,77529588591,CPF,77529588591,2026-07-24T16:09:50.128Z
873f6e8d-4791-4bb4-b34a-6917b911d1b4,33522298364,CPF,33522298364,2026-07-24T16:09:49.715Z
8799a862-4c2a-43b1-963f-317e8216e36c,73857513853,CPF,73857513853,2026-08-03T23:34:08.414Z
880f12f2-c5cb-4ab3-8982-2fc353b29ec7,85246671844,EMAIL,falba.david89@yahoo.fr,2026-07-24T16:09:51.000Z
888b098e-abbe-4935-85e0-6fa1aff5f895,66414169091,CPF,66414169091,2026-07-24T16:09:49.840Z
8955f3de-b875-473b-ac58-3a454998de1c,87111008855,EMAIL,leichen@fintech.com,2026-08-17T00:33:50.667Z
899d6076-80db-474a-825d-e8bc8c9bf5de,37107075012,EMAIL,minjunkim@fintech.com,2026-08-03T23:33:05.088Z
89c2c688-3fb9-44ce-9bc2-16e8243e429c,46945365409,CPF,46945365409,2026-07-30T02:48:47.361Z
8ab9bf1a-a125-411b-adf1-496e615dcb6e,20250513611,EMAIL,ladislau_nogueira55@hotmail.com,2026-07-24T16:09:49.182Z
8b513a62-e88e-4663-b1f1-cf65e81ca410,11111111111,CPF,11111111111,2026-07-24T16:09:50.676Z
8bfce551-86d8-4b4d-8514-7d36e74b7a6c,48318883543,CPF,48318883543,2026-07-24T16:09:47.804Z
8d14a202-111e-440e-91b1-720520310491,15351515369,CPF,15351515369,2026-07-31T04:28:14.976Z
8d6eb178-11f4-429a-a3f1-22e82b08f478,87588846615,EMAIL,hermine_duval98@hotmail.fr,2026-07-24T16:09:50.845Z
8d98639c-65f3-4e76-9e94-c9fbb20db503,93544490340,EMAIL,haewonjung@fintech.com,2026-07-31T04:27:22.106Z
8e7bf44b-fe57-48d1-8630-60da1cfb6aa1,87111008855,CPF,87111008855,2026-08-17T00:33:50.667Z
8ebc630b-6e1c-44b3-bfa8-a7a19b1d0f91,44794065574,CPF,44794065574,2026-07-24T16:09:47.578Z
8ebcb1de-849a-4b36-928f-36487f1e9a8e,45116448614,EMAIL,ernest_dumont98@hotmail.fr,2026-07-24T16:09:47.445Z
8f140f36-6e3e-44c5-a420-061dcb989ce2,77148062578,EMAIL,yukitakahashi@fintech.com,2026-08-01T05:38:53.791Z
8fd0bc9b-eac8-4a7d-948f-e5fe68f407a1,58480256907,EMAIL,dohyunchoi@fintech.com,2026-07-30T02:49:44.640Z
8fd8cba2-24ba-4dce-83ce-2c8c593f9739,23626419533,EMAIL,matteorossi@fintech.com,2026-07-30T02:48:35.703Z
926e0943-61c5-409b-bb34-3a9424c3f4da,51243235758,CPF,51243235758,2026-07-24T16:09:50.308Z
94810f29-ad98-4d63-ab58-c574062a39e5,38882777448,CPF,38882777448,2026-07-24T16:09:50.739Z
964eb48b-3953-4c36-a782-f3267b69a5e9,07154153601,CPF,07154153601,2026-08-15T00:45:26.497Z
984e8caf-6bd2-495c-8f0d-4eae0e2e41f2,24930613945,EMAIL,luz_quitzon@yahoo.com,2026-07-24T16:09:49.881Z
98c0bbf9-844f-45f7-aa0b-be8278e3cad8,07154153601,EMAIL,goncalosantos@fintech.com,2026-08-15T00:45:26.497Z
99b5648b-988f-4ba4-bea3-3f8801ee34f2,34715548313,CPF,34715548313,2026-07-24T16:09:48.458Z
9a7b5bc7-e813-4d1c-9f55-d92aedf841e0,68737946439,CPF,68737946439,2026-07-31T04:28:08.832Z
9b97acb6-8d81-4ab8-a9f6-1e47eefe70ee,73129536620,CPF,73129536620,2026-07-24T16:09:50.661Z
9bf520de-84d7-4f3b-805e-5d7094fd0739,12923841310,EMAIL,youssefal-otaibi@fintech.com,2026-08-17T01:42:19.169Z
9c970940-0493-4ae6-96de-d560a680cc88,84823321987,EMAIL,marcel.breton@yahoo.fr,2026-07-24T16:09:47.754Z
9eb33f83-53f7-42c0-8a2a-3155bea2a0ec,76671725950,CPF,76671725950,2026-07-24T16:09:47.700Z
9ef4cbf1-301f-4f24-97d0-546350d665a0,64866656883,CPF,64866656883,2026-07-24T16:09:51.061Z
9f426d62-15d1-4e7d-aa5e-b1db158b4b1b,77766655544,EMAIL,cliente.cartao@fintech.com,2026-07-24T16:09:49.580Z
a1d74d4b-282f-4f2d-aba2-d1bfabf64e0e,92957697327,CPF,92957697327,2026-08-17T00:10:17.861Z
a2d348ab-e36b-4ec1-8649-65761dcb336b,97504636177,CPF,97504636177,2026-07-24T16:09:50.273Z
a39cdf73-5ab9-40ce-a5e6-b2861b8d7079,77766655599,CPF,77766655599,2026-07-24T16:09:51.120Z
a3bd58c4-8eb0-490a-b908-ec2bf733a260,11879646706,EMAIL,santiagogomez@fintech.com,2026-07-24T20:07:38.956Z
a4b997e7-21bb-47a8-adf1-dd1fd040951e,18956389652,EMAIL,joaomiguel.silva@hotmail.com,2026-07-24T16:09:50.581Z
a6c9a084-5112-4724-b92f-674ec89b3810,82474679928,EMAIL,sofiaesposito@fintech.com,2026-08-17T00:09:28.957Z
a7ba3690-902c-4376-920b-93b7451aaf02,74929424194,EMAIL,giuliarusso@fintech.com,2026-08-01T05:39:13.817Z
a876c3dd-a0f1-480c-869e-7b158a0ef543,74929424194,CPF,74929424194,2026-08-01T05:39:13.817Z
aa25dfe1-2c00-49e2-b06c-c1dae4132cff,93544490340,CPF,93544490340,2026-07-31T04:27:22.106Z
ab4f612a-073b-4846-8f95-3d2e2910d58e,42194343806,EMAIL,brunohenriquealves@fintech.com,2026-07-24T16:09:48.737Z
ab902add-edfa-4997-be9b-bb39acefbc48,36072364535,CPF,36072364535,2026-08-04T18:15:20.320Z
abb7b6ad-8d9a-4aae-8faa-c4889b51256c,48318883543,EMAIL,claude_garcia@hotmail.fr,2026-07-24T16:09:47.804Z
ac2195f4-b636-46a0-ba9b-68fc4745816a,11111111111,EMAIL,admin@fintech.com,2026-07-24T16:09:50.676Z
ad2997af-159a-492f-8840-5c4b58909309,43204282856,EMAIL,absalon.olivier55@yahoo.fr,2026-07-24T16:09:50.628Z
ade652e1-43e1-403a-96da-4a5d7a22d368,64332859618,EMAIL,xavier.thomas@gmail.com,2026-07-24T16:09:47.977Z
ae3f957b-0f86-481f-afa1-174fb8b7ddcc,89287038082,EMAIL,leonardobianchi@fintech.com,2026-08-15T00:45:17.372Z
aeb6f476-38f8-4aaf-9348-a7d4e108cc87,29910306743,CPF,29910306743,2026-08-04T18:15:42.700Z
aeef4b67-87b4-47eb-aac3-0e6444971f34,07817267197,CPF,07817267197,2026-07-24T16:09:49.567Z
b1b12cb8-480a-4b4f-b545-a3a69ee53863,51243235758,EMAIL,isadora52@bol.com.br,2026-07-24T16:09:50.308Z
b264b39b-918c-4c04-b7f3-61e3c2efd074,65207037706,CPF,65207037706,2026-08-06T01:48:20.324Z
b2c8ba51-2a1e-4f64-9f53-cb6b6649ba36,77551164685,CPF,77551164685,2026-07-24T16:09:48.317Z
b47dd880-0e3c-4e90-b3cc-1355aad5e9b7,12424713839,EMAIL,abigaelle.michel47@yahoo.fr,2026-07-24T16:09:48.540Z
b70b7946-679d-4a05-9da9-23d50f136298,34310951783,EMAIL,michaeldavidwilliams@fintech.com,2026-07-27T06:39:18.477Z
b7430fd5-75de-498b-bc97-d17c4d4a39b7,42194343806,CPF,42194343806,2026-07-24T16:09:48.737Z
b94e962d-64c4-4dd3-93a7-fb4b97e2752e,18011225638,EMAIL,heather63@gmail.com,2026-07-24T16:09:50.003Z
b96e7728-6772-4e44-a0ca-e2b59c400a37,88339779788,CPF,88339779788,2026-07-24T16:09:48.796Z
bb45d9d5-3679-4869-9934-99be38a6899e,08025476561,CPF,08025476561,2026-08-15T00:45:46.454Z
bd037f96-f241-4484-8c41-c51a51e5b913,77355277308,EMAIL,christian_bertrand15@yahoo.fr,2026-07-24T16:09:48.190Z
be77c740-1b74-40f8-b728-ac7f96c057fa,28818393472,EMAIL,emile_clement@gmail.com,2026-07-24T16:09:50.940Z
bfdee73d-f644-4973-a37e-d6f52b27fe56,98215828507,CPF,98215828507,2026-07-30T02:50:15.997Z
c00a4954-d54e-44f4-ba7d-26fdcd20b35b,12310012300,CPF,12310012300,2026-07-28T01:48:39.643Z
c0ba0e90-62cc-42bc-9c1c-e63e8247ffb8,34272175349,EMAIL,jose.fahey97@hotmail.com,2026-07-24T16:09:48.586Z
c0c1a4f4-61b2-4325-acb0-567bd8762cc7,15803041416,CPF,15803041416,2026-08-09T01:55:31.668Z
c18b29a3-75b4-4af7-96d6-5478159d729b,95167270006,EMAIL,hannahfischer@fintech.com,2026-08-01T05:39:32.858Z
c51fc31a-f993-4425-b9ac-20ef390518f5,64866656883,EMAIL,archambaud_remy@gmail.com,2026-07-24T16:09:51.061Z
c5358f46-17c2-4cd4-9afa-f0006b6edca8,41750109719,CPF,41750109719,2026-08-17T00:10:27.775Z
c6387ed3-6555-4591-88ab-cfcc0968dc86,75775457404,CPF,75775457404,2026-07-24T16:09:50.444Z
c71cdca1-e369-43e6-be5f-6d1524605ec9,05458223608,EMAIL,gustave_jacquet34@gmail.com,2026-07-24T16:09:49.530Z
c81f17a5-e156-481a-a96f-ca13928ea20c,27888186700,CPF,27888186700,2026-07-24T16:09:50.777Z
c83333ce-b662-4369-bcf0-22986a9319b7,49768246758,EMAIL,sophiagracebrown@fintech.com,2026-08-14T23:42:24.548Z
c8bd61d8-b463-462d-8c12-7e8c5586f5ae,82499572612,EMAIL,camillemartin@fintech.com,2026-07-24T16:09:50.413Z
ccbef7c2-83e7-438a-b24d-0fa3de83f74c,84979979998,EMAIL,camilalopez@fintech.com,2026-08-17T00:11:24.177Z
cd6d386b-15d6-472e-b5d5-cb4de640f4b6,33333333333,CPF,33333333333,2026-07-24T16:09:50.691Z
cfe211aa-148c-42c4-9d99-9f0aa864e562,12345678909,CPF,12345678909,2026-07-24T16:09:49.082Z
d06a6e20-3009-4a2b-998c-b1ce774d7ceb,68141495240,CPF,68141495240,2026-07-24T19:52:02.990Z
d40f01de-a501-4219-8913-beffc199d74e,41750109719,EMAIL,jiwoopark@fintech.com,2026-08-17T00:10:27.775Z
d45cce5a-d92f-4b02-b5d5-ff8b180b0a8b,05458223608,CPF,05458223608,2026-07-24T16:09:49.530Z
d5585ec7-8fe8-4d05-a328-244db7e08aac,96873928860,EMAIL,xiuyingwang@fintech.com,2026-08-04T22:39:36.074Z
d583626b-c1ad-4d9c-99b8-f01a0db692ee,99999999999,EMAIL,admin@fintechbank.com,2026-07-24T16:09:50.703Z
d62d248a-cc89-4648-b4ff-cc3718c90afc,18011225638,CPF,18011225638,2026-07-24T16:09:50.003Z
d7066022-721f-44c2-b4ef-18c497775933,80535757654,EMAIL,lucaslaurent@fintech.com,2026-07-30T02:50:22.786Z
d8f47f9e-b98a-4f03-9d18-c47b9011b133,16266323249,CPF,16266323249,2026-07-24T16:09:47.628Z
d931e824-ff78-499d-ad6b-f467031187f3,35417211460,EMAIL,pierrebernard@fintech.com,2026-08-17T00:09:17.263Z
db4983a1-9d2c-4e18-96ef-d1627f47fe2e,01086796160,EMAIL,joaopedrosilva@fintech.com,2026-08-17T00:11:45.752Z
dc0366fd-4d65-4b21-aa1e-520b5336bdae,77766655599,EMAIL,cliente.cartao99@fintech.com,2026-07-24T16:09:51.120Z
dd34b474-f3ee-4045-b266-911399ee0040,98765432100,EMAIL,userteste@test.com,2026-07-24T16:09:50.203Z
df767fb6-d238-496c-9949-058e5e462af9,42681570697,CPF,42681570697,2026-07-27T06:39:40.867Z
e0a1d745-b8ab-4389-9f70-465d09302850,60107482754,EMAIL,eudoxie_pons@yahoo.fr,2026-07-24T16:09:48.038Z
e102af5f-a211-4c7d-b9ef-490cbd845ef1,92454501635,EMAIL,laurine.maillard@hotmail.fr,2026-07-24T16:09:51.178Z
e2136c7f-31fc-4017-917a-630d207ed334,17334727380,EMAIL,odile.meunier@yahoo.fr,2026-07-24T16:09:47.331Z
e44b0df2-7194-442d-89d6-732606b02cb3,77017682203,EMAIL,alberic_prevost39@gmail.com,2026-07-24T16:09:48.358Z
e4cb17e7-1570-4f15-bbdf-a2eac8b10834,24719788947,EMAIL,philothee_charles@hotmail.fr,2026-07-24T16:09:51.089Z
e4d5c0b1-da9d-470f-a9b0-7a639e64ce84,51742065392,CPF,51742065392,2026-07-31T04:28:26.044Z
e55fd0f3-16a5-4bda-8316-7d51ca7b251b,24662236606,EMAIL,flavien_rodriguez86@gmail.com,2026-07-24T16:09:47.528Z
e83bddef-55b6-4eec-9225-83fbcdec3a1f,49768246758,CPF,49768246758,2026-08-14T23:42:24.548Z
e9abdb5c-65f6-4799-bb65-72776042909b,26775244657,CPF,26775244657,2026-07-24T16:09:51.031Z
ef1485cf-22f7-4543-a312-ea2818e6c86a,80417045181,CPF,80417045181,2026-07-24T16:09:50.339Z
efbcce29-b370-4f66-b97f-d6886f528484,60107482754,CPF,60107482754,2026-07-24T16:09:48.038Z
f00b191a-0c9a-4e95-8d83-dcfde05ded13,92808200609,CPF,92808200609,2026-08-17T00:09:41.064Z
f0bee16d-a45a-4a7e-9fca-ac308a40f484,66655544433,CPF,66655544433,2026-07-24T16:09:50.401Z
f0da1dfa-a00b-45ec-a2b2-6a6279cfd578,90917191782,EMAIL,beatriz.franco17@yahoo.com,2026-07-24T16:09:48.915Z
f23d6508-df01-4d69-ae64-ea756a2163d5,99999999999,CPF,99999999999,2026-07-24T16:09:50.703Z
f282b95c-c2cd-4f78-a921-32b39ac14f32,77529588591,EMAIL,nathalie_fournier@yahoo.fr,2026-07-24T16:09:50.128Z
f3218d11-fe12-40b3-850d-9900f2061a7f,27234768980,CPF,27234768980,2026-07-24T16:09:48.137Z
f414c30f-f3ff-4304-bbea-349b27fe2098,68141495240,EMAIL,lucasgabrielferreira@fintech.com,2026-07-24T19:52:02.990Z
f470da5b-6f17-4438-b257-9f9400bb5264,19983621512,EMAIL,test19983621512@fintech.com,2026-07-24T16:09:48.398Z
f4956bd5-b8ff-4ff0-9397-2c03a3faef45,20250513611,CPF,20250513611,2026-07-24T16:09:49.182Z
f4a0cdf0-1c69-4eef-bd12-b43d587b32b7,81698023189,EMAIL,oury.roche45@yahoo.fr,2026-07-24T16:09:46.866Z
f4ec74ed-aa6e-4f15-9756-8d50c8b6831c,27646660477,CPF,27646660477,2026-07-24T16:09:49.036Z
f56821d1-5bac-4c7f-89ee-4b655f30dafb,41649264658,CPF,41649264658,2026-07-31T04:27:50.219Z
f6008405-94b0-41f7-83ad-068e34adba03,41689983639,EMAIL,armandine_joly70@hotmail.fr,2026-07-24T16:09:46.983Z
f650ade1-8bd9-4818-b6f5-ce47811a0c65,44444444444,CPF,44444444444,2026-07-24T16:09:50.239Z
f6ead6c5-3859-4643-b8b8-834c29211929,11879646706,CPF,11879646706,2026-07-24T20:07:38.956Z
f723944a-a43e-450c-8ed5-4bb5ac41ff78,76782744325,EMAIL,hanakowatanabe@fintech.com,2026-08-01T05:39:20.156Z
f7699b6e-886f-4e4c-86ad-d706dc5ebecb,28832869497,CPF,28832869497,2026-07-24T16:09:50.370Z
f7b3f866-99cd-4d80-bb5a-7154f502d04f,82474679928,CPF,82474679928,2026-08-17T00:09:28.957Z
f831d6db-12a5-4f4d-93f3-71564c3cae66,07817267197,EMAIL,adrienne_giraud@yahoo.fr,2026-07-24T16:09:49.567Z
f8321d54-f828-4092-baf7-f3f3ccc0280f,51742065392,EMAIL,tarotanaka@fintech.com,2026-07-31T04:28:26.044Z
fa760fd6-2b39-483c-ad2d-2f6d17e4f933,80535757654,CPF,80535757654,2026-07-30T02:50:22.786Z
fae85d0a-d495-42e0-9939-f832cb3e9b9e,65207037706,EMAIL,beatrizferreira@fintech.com,2026-08-06T01:48:20.324Z
faf0ba37-1d60-4543-afad-2e7ab4d8186e,73857513853,EMAIL,inesoliveira@fintech.com,2026-08-03T23:34:08.414Z
fb772504-9035-4d2e-b1b6-cbaaf567620c,88339779788,EMAIL,mathilde.legall@hotmail.fr,2026-07-24T16:09:48.796Z
fb826f0d-5a21-4feb-b8fd-0761acb9d3ad,18956389652,CPF,18956389652,2026-07-24T16:09:50.581Z
fbd3aa47-c5f3-4054-97f5-c7e3d5691006,20092389589,CPF,20092389589,2026-08-12T23:40:40.430Z
fc3283cf-8891-411d-b2ce-5f6057c82323,53281863159,EMAIL,brandi45@hotmail.com,2026-07-24T16:09:47.166Z
fc774888-316f-4e94-85be-7783846e851f,67154864257,CPF,67154864257,2026-07-24T16:09:50.813Z
fcf51b55-4521-478a-9f46-daf66d1c917a,12345678901,CPF,12345678901,2026-07-24T16:09:47.901Z
fd5f4209-d68a-44d2-a345-22dc6d4fe1d8,17693911189,CPF,17693911189,2026-07-24T16:09:49.227Z
fe721066-0828-4d25-ab4f-59abab7fd916,88877766655,CPF,88877766655,2026-07-24T16:09:50.505Z
ffb91124-d6d6-4eca-ad6d-5c0a46542ac2,12310012300,EMAIL,teste.retroativa@email.com,2026-07-28T01:48:39.643Z
